Filename,Cost,Cost_Refined
T001-n100-d2.txt,17342.970294792638,17355.058922730223
